FishID,Species,Date,Season,TL,FL,Mass,Sex,GS,GW,Fat
MR013,P. blochii,2012-07-15T00:00:00Z,3,213,192,184,F,4,9.9,0
MR014,P. blochii,2012-07-15T00:00:00Z,3,212,196,187,F,4,9.1,2
MR015,P. blochii,2012-07-15T00:00:00Z,3,205,194,173,F,4,9.4,1
MR016,P. blochii,2012-07-15T00:00:00Z,3,247,227,320,F,3,21,0
MR017,P. blochii,2012-07-15T00:00:00Z,3,256,240,387,F,4,35,1
MR022,P. blochii,2013-07-01T00:00:00Z,3,211,198,204,F,3,12,2
MR023,P. blochii,2012-06-01T00:00:00Z,2,250,221,327,F,4,28.5,0
MR024,P. blochii,2012-06-01T00:00:00Z,2,209,190,183,F,4,9.8000000000000007,0
MR025,P. blochii,2012-07-18T00:00:00Z,3,257,232,293,F,5,10.3,0
MR026,P. blochii,2012-07-18T00:00:00Z,3,215,198,187,F,4,4.2,0
MR027,P. blochii,2012-06-24T00:00:00Z,2,291,262,556,F,4,30.3,2
MR028,P. blochii,2012-06-24T00:00:00Z,2,246,223,309,F,5,24.6,0
MR029,P. blochii,2012-06-24T00:00:00Z,2,232,210,257,F,6,23.1,1
MR030,P. blochii,2012-07-29T00:00:00Z,3,220,195,217,F,6,14.5,0
MR031,P. blochii,2012-07-29T00:00:00Z,3,221,198,219,F,5,15.4,0
MR032,P. blochii,2012-07-29T00:00:00Z,3,215,195,218,F,6,18.100000000000001,0
MR033,P. blochii,2012-07-29T00:00:00Z,3,240,220,286,M,6,21.2,0
MR034,P. blochii,2012-07-18T00:00:00Z,3,249,226,284,M,2,0.6,0
MR035,P. blochii,2012-07-18T00:00:00Z,3,258,237,348,F,4,19.3,0
MR036,P. blochii,2012-07-18T00:00:00Z,3,273,249,408,F,3,15,1
MR037,P. blochii,2016-03-19T00:00:00Z,1,244,220,320,F,5,17.2,1
MR038,P. blochii,2012-07-15T00:00:00Z,3,205,185,182,F,2,5.4,1
MR039,P. blochii,2012-04-18T00:00:00Z,2,215,200,198,F,4,11.3,0
MR040,P. blochii,2012-04-18T00:00:00Z,2,210,190,202,F,5,19.399999999999999,0
MR045,P. blochii,2012-07-29T00:00:00Z,3,226,204,223,M,3,1.1000000000000001,0
MR046,P. blochii,2012-07-29T00:00:00Z,3,233,211,226,H,2,2,0
MR049,P. blochii,2012-07-15T00:00:00Z,3,210,189,186,F,4,9.6999999999999993,0
MR052,P. blochii,2012-08-12T00:00:00Z,3,195,176,124,F,2,1.4,0
MR055,P. blochii,2013-07-01T00:00:00Z,3,248,227,306,F,5,19.5,0
MR056,P. blochii,2012-09-15T00:00:00Z,3,245,223,245,M,1,0.4,0
MR057,P. blochii,2012-08-26T00:00:00Z,3,245,223,273,F,5,12.5,0
MR058,P. blochii,2012-09-15T00:00:00Z,3,232,210,230,F,4,8.1999999999999993,0
MR059,P. blochii,2013-07-01T00:00:00Z,3,205,186,176,F,5,6.5,0
MR060,P. blochii,2013-07-01T00:00:00Z,3,211,195,209,F,6,13.3,0
MR061,P. blochii,2012-07-28T00:00:00Z,3,238,215,245,F,4,8.8000000000000007,1
MR063,P. blochii,2012-08-12T00:00:00Z,3,219,197,200,M,4,6.3,0
MR064,P. blochii,2012-09-12T00:00:00Z,3,231,207,245,F,5,13.4,0
MR065,P. blochii,2012-08-13T00:00:00Z,3,220,201,211,F,1,3.2,0
MR067,P. blochii,2013-09-15T00:00:00Z,3,207,180,178,F,4,7.7,1
MR068,P. blochii,2013-09-15T00:00:00Z,3,224,201,216,F,5,10.1,0
MR069,P. blochii,2012-08-26T00:00:00Z,3,226,206,221,F,5,11.2,0
MR070,P. blochii,2013-09-15T00:00:00Z,3,218,198,217,F,6,12.9,0
MR071,P. blochii,2012-08-26T00:00:00Z,3,220,195,187,F,2,5.5,0
MR072,P. blochii,2013-07-24T00:00:00Z,3,232,208,210,F,5,11.3,0
MR157,P. blochii,2013-07-24T00:00:00Z,3,234,218,227,F,4,9.3000000000000007,1
MR158,P. blochii,2013-07-24T00:00:00Z,3,241,224,287,M,4,20.7,2
MR160,P. blochii,2013-07-24T00:00:00Z,3,171,156,103,M,1,0.1,1
MR162,P. blochii,2012-07-29T00:00:00Z,3,229,209,258,F,5,10,0
MR163,P. blochii,2013-07-24T00:00:00Z,3,273,246,430,F,5,37.700000000000003,0
MR164,P. blochii,2013-07-16T00:00:00Z,3,237,211,247,F,3,5.5,1
MR165,P. blochii,2013-07-16T00:00:00Z,3,225,200,227,M,4,4.9000000000000004,1
MR166,P. blochii,2013-07-16T00:00:00Z,3,210,189,201,M,3,2.2000000000000002,1
MR167,P. blochii,2013-07-16T00:00:00Z,3,264,238,364,M,6,38.700000000000003,1
MR168,P. blochii,2013-07-16T00:00:00Z,3,260,245,408,F,5,34,1
MR169,P. blochii,2013-07-16T00:00:00Z,3,240,225,267,F,5,12,0
MR170,P. blochii,2013-07-16T00:00:00Z,3,236,211,250,F,5,13.3,1
MR171,P. blochii,2013-07-16T00:00:00Z,3,202,186,190,M,4,7.6,1
MR172,P. blochii,2013-07-01T00:00:00Z,3,209,195,188,F,4,2.6,2
MR173,P. blochii,2013-07-01T00:00:00Z,3,232,210,225,F,4,8.3000000000000007,2
MR174,P. blochii,2013-07-01T00:00:00Z,3,189,166,150,F,3,3.2,1
MR175,P. blochii,2013-05-29T00:00:00Z,2,248,238,402,F,5,23.4,1
MR176,P. blochii,2013-05-29T00:00:00Z,2,225,205,255,F,4,10.9,1
MR177,P. blochii,2013-05-29T00:00:00Z,2,285,250,502,F,5,31.1,2
MR178,P. blochii,2013-05-19T00:00:00Z,2,216,195,191,M,5,13.8,0
MR179,P. blochii,2013-05-29T00:00:00Z,2,220,200,234,F,5,12.6,1
MR180,P. blochii,2013-05-29T00:00:00Z,2,231,215,249,M,5,23.4,1
MR181,P. blochii,2013-09-13T00:00:00Z,3,252,235,339,M,4,12.2,1
MR182,P. blochii,2013-09-13T00:00:00Z,3,225,215,239,F,4,18.2,1
MR183,P. blochii,2013-08-26T00:00:00Z,3,219,200,196,F,5,7.5,0
MR184,P. blochii,2013-08-26T00:00:00Z,3,282,258,394,F,6,18.399999999999999,1
MR185,P. blochii,2013-08-26T00:00:00Z,3,235,210,287,F,6,11.1,0
MR186,P. blochii,2013-08-26T00:00:00Z,3,245,223,271,F,5,17.5,0
MR187,P. blochii,2013-09-13T00:00:00Z,3,256,235,319,M,4,9.3000000000000007,0
MR188,P. blochii,2013-09-13T00:00:00Z,3,251,232,312,F,4,12.1,0
MR189,P. blochii,2013-08-26T00:00:00Z,3,256,229,334,F,5,11.8,0
MR190,P. blochii,2013-08-26T00:00:00Z,3,271,246,410,M,4,16.3,0
MR191,P. blochii,2013-08-26T00:00:00Z,3,253,232,311,F,4,18.100000000000001,0
MR192,P. blochii,2013-08-26T00:00:00Z,3,265,240,367,F,3,5,0
MR193,P. blochii,2013-08-26T00:00:00Z,3,262,234,334,F,6,24.9,0
MR194,P. blochii,2013-08-26T00:00:00Z,3,251,225,284,M,3,14.6,0
MR195,P. blochii,2013-08-26T00:00:00Z,3,220,201,211,F,5,8.1,0
MR196,P. blochii,2013-08-26T00:00:00Z,3,290,266,489,M,4,31.9,2
MR197,P. blochii,2013-08-26T00:00:00Z,3,253,230,284,M,3,17.2,0
MR198,P. blochii,2013-08-26T00:00:00Z,3,239,214,247,F,3,9.3000000000000007,0
MR199,P. blochii,2013-08-26T00:00:00Z,3,265,240,352,M,4,19.600000000000001,1
MR200,P. blochii,2013-08-26T00:00:00Z,3,250,228,313,F,3,8.9,1
MR201,P. blochii,2013-09-13T00:00:00Z,3,237,203,280,F,5,16,0
MR202,P. blochii,2013-09-13T00:00:00Z,3,272,229,393,F,5,25.4,0
MR203,P. blochii,2015-09-13T00:00:00Z,3,225,207,228,M,4,11.8,0
MR204,P. blochii,2015-09-13T00:00:00Z,3,269,245,361,M,3,3.3,1
MR205,P. blochii,2013-08-26T00:00:00Z,3,246,229,285,M,3,14.8,0
MR206,P. blochii,2013-08-26T00:00:00Z,3,275,243,416,F,6,23.1,1
MR207,P. blochii,2013-08-26T00:00:00Z,3,260,239,347,M,5,17.399999999999999,0
MR208,P. blochii,2013-08-26T00:00:00Z,3,275,252,407,M,3,30.1,0
MR209,P. blochii,2013-08-26T00:00:00Z,3,242,220,236,F,5,15.9,0
MR210,P. blochii,2013-09-13T00:00:00Z,3,254,234,301,M,2,2.6,0
MR212,P. blochii,2013-09-13T00:00:00Z,3,251,210,310,M,5,16.899999999999999,0
MR213,P. blochii,2013-09-13T00:00:00Z,3,288,262,445,M,5,29.7,0
MR214,P. blochii,2013-09-13T00:00:00Z,3,244,220,289,F,5,18.2,0
MR215,P. blochii,2013-09-13T00:00:00Z,3,223,221,240,M,4,8.1,0
MR216,P. blochii,2013-09-13T00:00:00Z,3,224,209,244,F,5,17.100000000000001,0
MR217,P. blochii,2013-08-26T00:00:00Z,3,213,192,173,F,4,6.2,1
MR219,P. blochii,2013-10-02T00:00:00Z,4,268,242,366,F,6,10.8,0
MR220,P. blochii,2013-09-30T00:00:00Z,3,304,278,516,F,6,19.3,0
MR222,P. blochii,2013-09-30T00:00:00Z,3,260,240,351,F,3,5.5,0
MR223,P. blochii,2013-07-24T00:00:00Z,3,251,230,304,M,4,9.6,0
MR224,P. blochii,2013-09-30T00:00:00Z,3,239,227,334,M,4,12.2,0
MR225,P. blochii,2013-10-02T00:00:00Z,4,400,365,1235,F,5,54.3,1
MR226,P. blochii,2013-09-30T00:00:00Z,3,239,219,268,F,3,3.1,0
MR227,P. blochii,2013-09-30T00:00:00Z,3,242,219,280,F,4,7,1
MR229,P. blochii,2013-09-30T00:00:00Z,3,248,230,315,M,4,15.1,0
MR230,P. blochii,2013-10-02T00:00:00Z,4,248,227,292,F,6,10,0
MR233,P. blochii,2013-07-24T00:00:00Z,3,273,250,430,F,5,28.2,2
MR234,P. blochii,2013-07-24T00:00:00Z,3,240,215,260,F,5,13.8,1
MR236,P. blochii,2013-07-22T00:00:00Z,3,217,194,194,M,1,0.1,0
MR237,P. blochii,2013-10-02T00:00:00Z,4,240,211,288,F,4,18.2,1
MR239,P. blochii,2013-07-24T00:00:00Z,3,229,204,239,M,4,5.5,2
MR239,P. blochii,2013-07-24T00:00:00Z,3,231,209,245,M,4,13,0
MR243,P. blochii,2013-07-22T00:00:00Z,3,196,175,120,F,2,2.2999999999999998,0
MR244,P. blochii,2013-10-02T00:00:00Z,4,241,217,292,F,4,15.4,NA
MR247,P. blochii,2013-05-29T00:00:00Z,2,229,216,265,F,4,13.2,0
MR248,P. blochii,2014-07-17T00:00:00Z,3,258,219,351,F,5,24,1
MR248,P. blochii,2013-04-29T00:00:00Z,2,258,235,351,M,5,25,1
MR249,P. blochii,2014-04-29T00:00:00Z,2,236,211,262,F,2,6.3,1
MR249,P. blochii,2015-07-16T00:00:00Z,3,270,250,385,M,5,3.2,2
MR250,P. blochii,2014-07-17T00:00:00Z,3,215,190,194,F,2,2.4,1
MR250,P. blochii,2014-04-29T00:00:00Z,2,326,302,770,F,4,42,1
MR251,P. blochii,2014-04-29T00:00:00Z,2,242,228,336,F,4,17,2
MR252,P. blochii,2015-07-26T00:00:00Z,3,185,175,127,M,1,0.6,2
MR252,P. blochii,2014-04-29T00:00:00Z,2,259,235,371,F,4,16.5,2
MR253,P. blochii,2014-07-26T00:00:00Z,3,161,154,100,F,2,0.2,2
MR253,P. blochii,2014-04-29T00:00:00Z,2,240,225,294,F,6,16.5,1
MR254,P. blochii,2015-07-26T00:00:00Z,3,186,173,129,M,2,0.1,1
MR254,P. blochii,2014-04-29T00:00:00Z,2,260,235,360,F,5,31,1
MR255,P. blochii,2015-07-26T00:00:00Z,3,188,164,146,M,2,0.2,2
MR255,P. blochii,2014-05-23T00:00:00Z,2,260,245,318,M,5,25.9,2
MR256,P. blochii,2014-01-23T00:00:00Z,1,240,220,311,F,3,3.6,2
MR256,P. blochii,2014-05-23T00:00:00Z,2,295,268,530,M,5,49.5,0
MR257,P. blochii,2014-07-26T00:00:00Z,3,126,116,40,J,1,0,1
MR257,P. blochii,2014-05-23T00:00:00Z,2,238,222,311,M,4,23,1
MR258,P. blochii,2014-07-26T00:00:00Z,3,179,164,116,H,"M3, F2","0,29; 0,14",2
MR258,P. blochii,2014-05-23T00:00:00Z,2,245,221,300,F,5,15.5,2
MR259,P. blochii,2014-05-16T00:00:00Z,2,218,205,214,F,6,13.1,1
MR259,P. blochii,2014-05-23T00:00:00Z,2,246,238,334,M,4,27.5,2
MR260,P. blochii,2014-05-16T00:00:00Z,2,230,200,273,F,4,12.8,0
MR260,P. blochii,2014-05-23T00:00:00Z,2,251,232,330,M,4,28,1
MR261,P. blochii,2014-05-23T00:00:00Z,2,225,195,294,F,4,14.7,1
MR261,P. blochii,2014-05-16T00:00:00Z,2,250,205,304,M,5,17.899999999999999,1
MR262,P. blochii,2014-05-16T00:00:00Z,2,260,235,347,F,5,23.5,1
MR262,P. blochii,2014-04-29T00:00:00Z,2,277,252,478,F,4,4.5,2
MR263,P. blochii,2014-04-29T00:00:00Z,2,234,219,281,M,2,1.5,2
MR263,P. blochii,2014-01-23T00:00:00Z,1,260,245,399,F,4,4.9000000000000004,2
MR264,P. blochii,2014-01-13T00:00:00Z,1,208,187,269,M,2,0.5,3
MR264,P. blochii,2014-01-23T00:00:00Z,1,240,210,324,F,3,3.2,2
MR265,P. blochii,2014-07-26T00:00:00Z,3,190,160,127,M,2,0.1,2
MR265,P. blochii,2014-01-13T00:00:00Z,1,225,210,261,M,2,0.4,1
MR266,P. blochii,2014-01-13T00:00:00Z,1,199,185,170,F,2,0.5,2
MR266,P. blochii,2014-01-23T00:00:00Z,1,320,285,646,M,4,1.3,2
MR267,P. blochii,2014-01-23T00:00:00Z,1,180,172,158,M,1,0.3,2
MR267,P. blochii,2014-01-08T00:00:00Z,1,248,230,311,F,2,3.3,1
MR268,P. blochii,2014-01-08T00:00:00Z,1,245,230,318,F,3,4.7,1
MR268,P. blochii,2014-01-23T00:00:00Z,1,257,235,355,F,2,2.5,2
MR269,P. blochii,2015-07-26T00:00:00Z,3,165,146,83,M,1,0.2,1
MR269,P. blochii,2014-03-29T00:00:00Z,1,260,241,452,F,4,22.2,2
MR270,P. blochii,2015-07-26T00:00:00Z,3,181,174,140,F,1,0.5,2
MR270,P. blochii,2014-03-29T00:00:00Z,1,235,230,385,F,4,16,1
MR271,P. blochii,2015-07-26T00:00:00Z,3,190,173,142,F,2,0.2,2
MR271,P. blochii,2014-03-29T00:00:00Z,1,216,209,228,M,4,18,1
MR271,P. blochii,2014-01-23T00:00:00Z,1,231,211,268,F,3,3,2
MR272,P. blochii,2015-07-26T00:00:00Z,3,177,168,127,M,1,0.3,2
MR272,P. blochii,2014-01-23T00:00:00Z,1,231,211,268,F,3,3,2
MR273,P. blochii,2015-07-26T00:00:00Z,3,183,164,129,F,2,0.3,2
MR273,P. blochii,2014-01-23T00:00:00Z,1,234,223,327,F,2,4.5,1
MR274,P. blochii,2015-07-26T00:00:00Z,3,196,176,154,M,1,0.1,2
MR275,P. blochii,2015-07-26T00:00:00Z,3,188,167,120,F,2,0.3,2
MR275,P. blochii,2014-03-29T00:00:00Z,1,275,250,372,M,5,23,2
MR276,P. blochii,2014-01-23T00:00:00Z,1,196,174,150,F,1,0.5,1
MR276,P. blochii,2014-03-29T00:00:00Z,1,257,214,311,M,5,17,2
MR276,P. blochii,2014-07-26T00:00:00Z,3,260,230,367,F,3,20.9,1
MR277,P. blochii,2015-07-26T00:00:00Z,3,185,165,136,M,2,0.3,3
MR278,P. blochii,2015-07-27T00:00:00Z,3,180,162,122,M,2,2.8,2
MR278,P. blochii,2014-03-29T00:00:00Z,1,255,233,363,F,4,16.5,1
MR279,P. blochii,2015-07-26T00:00:00Z,3,232,218,306,M,5,15,1
MR279,P. blochii,2014-04-29T00:00:00Z,2,241,223,406,F,4,12.8,1
MR280,P. blochii,2015-07-26T00:00:00Z,3,187,NA,135,M,7,0.2,3
MR281,P. blochii,2014-04-29T00:00:00Z,2,232,191,355,M,4,23.6,2
MR281,P. blochii,2015-07-26T00:00:00Z,3,297,270,572,F,5,40.700000000000003,0
MR282,P. blochii,2013-04-29T00:00:00Z,2,235,214,302,F,4,14.5,2
MR282,P. blochii,2015-07-26T00:00:00Z,3,255,233,326,M,4,23.1,0
MR283,P. blochii,2014-01-23T00:00:00Z,1,250,225,318,F,3,3,1
MR283,P. blochii,2015-07-26T00:00:00Z,3,275,240,399,F,5,23.9,1
MR284,P. blochii,2015-07-26T00:00:00Z,3,180,160,124,F,2,0.1,2
MR284,P. blochii,2014-06-16T00:00:00Z,2,248,220,325,M,4,23,1
MR285,P. blochii,2015-07-26T00:00:00Z,3,179,158,119,F,2,1,1
MR285,P. blochii,2014-06-16T00:00:00Z,2,272,254,379,M,4,28.5,0
MR286,P. blochii,2015-07-26T00:00:00Z,3,177,162,112,M,2,1.9,2
MR286,P. blochii,2014-06-16T00:00:00Z,2,254,234,329,F,4,17,0
MR287,P. blochii,2015-07-16T00:00:00Z,3,184,175,123,M,1,0.1,2
MR287,P. blochii,2014-06-16T00:00:00Z,2,246,226,333,M,4,24.8,1
MR288,P. blochii,2015-07-26T00:00:00Z,3,172,147,95,M,1,0.1,3
MR288,P. blochii,2014-01-23T00:00:00Z,1,264,241,398,F,4,6.5,2
MR289,P. blochii,2015-07-26T00:00:00Z,3,172,158,120,M,2,0.2,3
MR289,P. blochii,2014-01-23T00:00:00Z,1,251,230,349,M,1,0.1,1
MR290,P. blochii,2014-07-26T00:00:00Z,3,175,162,115,F,1,0.2,2
MR291,P. blochii,2015-07-26T00:00:00Z,3,190,170,110,F,2,0.3,1
MR291,P. blochii,2014-03-29T00:00:00Z,1,190,170,139,F,2,0.5,2
MR292,P. blochii,2015-07-26T00:00:00Z,3,174,161,120,M,2,0.2,1
MR292,P. blochii,2014-03-29T00:00:00Z,1,211,199,218,F,2,8.5,1
MR293,P. blochii,2015-07-26T00:00:00Z,3,162,148,85,M,1,0.2,2
MR293,P. blochii,2014-06-16T00:00:00Z,2,265,245,342,M,4,20.9,1
MR294,P. blochii,2014-06-16T00:00:00Z,2,260,225,268,F,4,11,0
MR295,P. blochii,2014-05-16T00:00:00Z,2,250,205,371,M,4,22.5,1
MR296,P. blochii,2014-07-26T00:00:00Z,3,180,170,123,F,2,0.2,3
MR296,P. blochii,2014-04-29T00:00:00Z,2,212,195,195,M,7,4,1
MR297,P. blochii,2015-07-26T00:00:00Z,3,170,NA,130,F,1,0.1,2
MR305,P. blochii,2016-03-18T00:00:00Z,1,197,180,167,F,1,0,0
MR306,P. blochii,2016-03-18T00:00:00Z,1,217,174,208,F,2,1,2
MR308,P. blochii,2016-03-18T00:00:00Z,1,204,187,162,F,2,0,2
MR309,P. blochii,2016-03-18T00:00:00Z,1,225,206,208,F,1,0.7,2
MR310,P. blochii,2016-03-18T00:00:00Z,1,149,128,63,J,1,0.4,1
MR311,P. blochii,2016-03-18T00:00:00Z,1,273,249,415,M,4,29.5,2
MR313,P. blochii,2016-04-27T00:00:00Z,2,196,184,150,F,2,1,1
MR315,P. blochii,2016-05-30T00:00:00Z,2,205,190,185,F,2,1,1
MR316,P. blochii,2016-05-30T00:00:00Z,2,225,208,233,M,5,10,0
MR317,P. blochii,2016-05-30T00:00:00Z,2,215,197,189,M,4,4.5,1
MR317,P. blochii,2016-03-18T00:00:00Z,1,261,240,380,M,4,15,2
MR318,P. blochii,2016-05-30T00:00:00Z,2,193,169,146,M,2,0,0
MR320,P. blochii,2016-06-22T00:00:00Z,2,298,261,492,M,4,38.5,1
MR321,P. blochii,2016-06-22T00:00:00Z,2,228,222,243,M,3,0.5,1
MR322,P. blochii,2016-06-22T00:00:00Z,2,303,283,557,F,6,28,1
MR323,P. blochii,2015-04-19T00:00:00Z,2,280,246,437,M,5,21.5,1
MR324,P. blochii,2016-06-22T00:00:00Z,2,210,169,177,F,2,1.5,2
MR325,P. blochii,2015-04-19T00:00:00Z,2,227,184,244,F,5,14.5,0
MR327,P. blochii,2016-05-30T00:00:00Z,2,309,280,638,F,5,47,1
MR328,P. blochii,2016-06-22T00:00:00Z,2,174,156,96,F,2,0,1
MR329,P. blochii,2016-06-22T00:00:00Z,2,150,135,65,J,1,0.2,2
MR329,P. blochii,2016-06-22T00:00:00Z,2,171,157,91,F,1,0.1,0
MR330,P. blochii,2016-06-22T00:00:00Z,2,230,211,241,F,2,1.5,2
MR331,P. blochii,2016-06-22T00:00:00Z,2,165,150,93,M,1,0,2
MR332,P. blochii,2016-06-22T00:00:00Z,2,152,142,74,F,1,0.2,0
MR333,P. blochii,2015-04-19T00:00:00Z,2,280,259,485,F,4,29,2
MR334,P. blochii,2015-04-19T00:00:00Z,2,284,265,546,F,5,32.5,1
MR335,P. blochii,2015-04-19T00:00:00Z,2,288,276,534,M,4,32,2
MR336,P. blochii,2016-05-30T00:00:00Z,2,287,257,481,F,5,23,0
MR337,P. blochii,2016-05-30T00:00:00Z,2,257,238,327,M,4,14.5,1
MR338,P. blochii,2016-05-30T00:00:00Z,2,213,171,177,M,2,0,1
MR339,P. blochii,2016-05-30T00:00:00Z,2,201,185,184,M,3,2.5,1
MR340,P. blochii,2016-05-30T00:00:00Z,2,195,183,187,F,2,1,1
MR341,P. blochii,2016-05-30T00:00:00Z,2,218,171,202,F,3,7,0
MR342,P. blochii,2016-05-30T00:00:00Z,2,235,210,247,F,4,19,1
MR343,P. blochii,2016-05-30T00:00:00Z,2,230,205,253,F,2,1,1
MR344,P. blochii,2013-09-30T00:00:00Z,3,275,253,535,M,5,53,0
MR346,P. blochii,2016-04-27T00:00:00Z,2,203,187,177,F,2,1,1
MR349,P. blochii,2016-04-27T00:00:00Z,2,250,208,329,M,5,9.5,2
MR350,P. blochii,2016-04-27T00:00:00Z,2,281,255,512,F,6,46,0
MR351,P. blochii,2016-03-18T00:00:00Z,1,150,137,71,F,1,0.2,1
MR352,P. blochii,2016-03-18T00:00:00Z,1,155,149,84,J,1,0.2,2
MR353,P. blochii,2016-03-18T00:00:00Z,1,140,131,57,M,1,0,1
MR354,P. blochii,2016-04-27T00:00:00Z,2,210,200,211,M,2,0,2
MR357,P. blochii,2016-04-27T00:00:00Z,2,223,209,255,M,4,1.5,2
MR358,P. blochii,2016-03-18T00:00:00Z,1,201,190,190,F,2,0.5,3
MR359,P. blochii,2016-03-18T00:00:00Z,1,205,185,185,F,2,1,3
MR360,P. blochii,2016-03-18T00:00:00Z,1,208,174,216,M,1,0.1,3
MR361,P. blochii,2016-06-22T00:00:00Z,2,284,260,420,M,3,8,1
MR362,P. blochii,2016-06-22T00:00:00Z,2,280,260,434,M,5,28,1
MR363,P. blochii,2016-06-22T00:00:00Z,2,176,161,104,M,2,0,1
MR364,P. blochii,2016-06-22T00:00:00Z,2,165,155,100,M,2,0,2
MR365,P. blochii,2016-03-18T00:00:00Z,1,258,237,350,M,2,1.5,1
MR366,P. blochii,2016-03-18T00:00:00Z,1,169,154,96,F,2,0.2,0
MR367,P. blochii,2012-07-19T00:00:00Z,3,192,177,151,F,2,0.2,1
MR368,P. blochii,2016-03-18T00:00:00Z,1,206,190,181,F,2,0,2
MR369,P. blochii,2016-04-27T00:00:00Z,2,223,204,225,M,2,2.5,1
MR370,P. blochii,2016-04-27T00:00:00Z,2,198,182,165,M,1,0.1,2
MR371,P. blochii,2016-04-27T00:00:00Z,2,218,200,233,M,2,0,2
MR372,P. blochii,2016-04-27T00:00:00Z,2,197,184,157,F,2,7.6,2
MR374,P. blochii,2016-04-27T00:00:00Z,2,237,214,238,M,3,4,0
MR375,P. blochii,2017-02-15T00:00:00Z,1,315,296,660,F,4,30.5,2
MR377,P. blochii,2017-03-21T00:00:00Z,1,310,290,549,F,4,11,0
MR378,P. blochii,2017-03-21T00:00:00Z,1,305,278,447,M,3,3.1,0
MR379,P. blochii,2017-03-21T00:00:00Z,1,278,259,354,F,3,7.2,0
MR380,P. blochii,2017-03-21T00:00:00Z,1,280,257,396,M,3,3.1,1
MR381,P. blochii,2017-02-15T00:00:00Z,1,301,279,552,F,6,21.9,1
MR382,P. blochii,2016-12-18T00:00:00Z,4,247,225,253,M,3,2.8,1
MR384,P. blochii,2017-03-21T00:00:00Z,1,294,266,468,M,3,7,2
MR385,P. blochii,2017-03-21T00:00:00Z,1,264,244,343,M,5,2.4,1
MR386,P. blochii,2017-03-21T00:00:00Z,1,230,200,249,M,3,1.9,1
MR387,P. blochii,2017-02-15T00:00:00Z,1,241,217,275,M,1,0.1,2
MR388,P. blochii,2017-02-15T00:00:00Z,1,301,279,611,F,4,13.5,2
MR389,P. blochii,2017-07-06T00:00:00Z,3,281,252,426,F,5,19.5,1
MR390,P. blochii,2017-07-06T00:00:00Z,3,276,254,395,M,6,29.5,1
MR391,P. blochii,2017-07-06T00:00:00Z,3,285,260,422,F,5,18,0
MR392,P. blochii,2016-10-26T00:00:00Z,4,274,252,378,F,7,13.6,1
MR393,P. blochii,2017-10-26T00:00:00Z,4,240,215,253,F,1,0.1,2
MR395,P. blochii,2016-12-18T00:00:00Z,4,265,250,400,M,2,5.6,1
MR396,P. blochii,2017-02-15T00:00:00Z,1,283,251,471,F,3,7.5,1
MR397,P. blochii,2017-03-21T00:00:00Z,1,277,235,399,M,5,10.8,1
MR401,P. blochii,2017-03-21T00:00:00Z,1,235,213,257,F,2,4.5,0
MR403,P. blochii,2015-05-01T00:00:00Z,2,272,260,439,M,5,21.7,1
MR406,P. blochii,2017-02-15T00:00:00Z,1,157,137,75,J,1,0.2,1
MR407,P. blochii,2016-10-26T00:00:00Z,4,136,128,51,F,1,0.2,0
MR409,P. blochii,2016-12-18T00:00:00Z,4,202,183,156,F,2,1,1
MR410,P. blochii,2016-10-26T00:00:00Z,4,160,144,79,J,1,0.1,1
MR411,P. blochii,2016-10-26T00:00:00Z,4,223,201,229,M,1,0.3,2
MR413,P. blochii,2017-02-15T00:00:00Z,1,195,174,153,F,2,0.8,0
MR414,P. blochii,2016-10-26T00:00:00Z,4,177,165,118,F,2,0.26,1
MR415,P. blochii,2017-07-06T00:00:00Z,3,202,185,156,F,3,1,2
MR416,P. blochii,2017-07-06T00:00:00Z,3,204,186,171,M,3,0.8,1
MR417,P. blochii,2016-12-06T00:00:00Z,4,170,158,107,F,2,0.3,2
MR418,P. blochii,2017-03-21T00:00:00Z,1,221,202,208,F,3,4,1
MR419,P. blochii,2017-03-21T00:00:00Z,1,243,217,244,M,4,1.7,0
MR420,P. blochii,2016-12-06T00:00:00Z,4,180,172,127,J,1,0.1,2
MR421,P. blochii,2017-02-15T00:00:00Z,1,202,182,159,F,1,1,1
MR422,P. blochii,2017-02-15T00:00:00Z,1,213,195,136,M,2,0.5,0
MR423,P. blochii,2017-02-15T00:00:00Z,1,189,168,127,F,2,0.26,1
MR424,P. blochii,2016-12-18T00:00:00Z,4,188,174,138,F,1,0.9,0
MR425,P. blochii,2017-02-15T00:00:00Z,1,177,162,119,F,2,1,1
MR426,P. blochii,2017-10-26T00:00:00Z,4,175,156,99,F,2,0.1,1
MR428,P. blochii,2017-11-12T00:00:00Z,4,201,188,150,F,6,5.0999999999999996,1
MR429,P. blochii,2017-11-12T00:00:00Z,4,261,235,355,F,3,6.1,3
MR430,P. blochii,2017-01-29T00:00:00Z,1,197,179,147,M,2,0.2,1
MR432,P. blochii,2017-12-29T00:00:00Z,4,180,160,110,M,1,0.3,2
MR433,P. blochii,2017-03-29T00:00:00Z,1,185,172,132,F,2,0.9,2
MR434,P. blochii,2017-12-29T00:00:00Z,4,210,189,158,M,2,0.1,2
MR435,P. blochii,2017-12-29T00:00:00Z,4,293,266,487,M,3,1.6,2
MR437,P. blochii,2017-12-29T00:00:00Z,4,209,193,211,M,2,0.1,2
MR439,P. blochii,2018-04-07T00:00:00Z,2,193,179,142,M,3,0.8,1
MR440,P. blochii,2018-04-07T00:00:00Z,2,207,191,172,M,4,0.4,1
MR441,P. blochii,2018-04-07T00:00:00Z,2,199,185,167,F,3,0.8,2
MR442,P. blochii,2017-04-07T00:00:00Z,2,200,182,156,F,3,0.8,2
MR443,P. blochii,2018-04-07T00:00:00Z,2,172,160,110,M,2,0.2,2
MR444,P. blochii,2018-04-07T00:00:00Z,2,308,279,637,F,4,36.1,1
MR445,P. blochii,2017-12-29T00:00:00Z,4,292,263,488,M,3,2.1,2
MR446,P. blochii,2018-07-21T00:00:00Z,3,310,295,680,F,6,18.5,1
MR447,P. blochii,2018-04-07T00:00:00Z,2,260,240,369,M,2,1.9,3
MR448,P. blochii,2018-07-21T00:00:00Z,3,286,259,481,M,4,2,2
MR450,P. blochii,2018-04-07T00:00:00Z,2,215,190,233,F,1,0.9,3
MR451,P. blochii,2018-07-21T00:00:00Z,3,234,213,241,M,2,0.6,0
MR452,P. blochii,2018-07-21T00:00:00Z,3,232,216,260,F,3,1.7,2
MR453,P. blochii,2018-07-21T00:00:00Z,3,226,204,227,F,2,1.4,2
MR455,P. blochii,2018-07-21T00:00:00Z,3,202,184,174,M,3,0.7,1
MR456,P. blochii,2017-12-29T00:00:00Z,4,210,180,203,M,2,0.3,2
MR457,P. blochii,2018-07-21T00:00:00Z,3,241,217,268,M,6,18,0
MR458,P. blochii,2017-12-29T00:00:00Z,4,173,158,115,F,1,0.4,1
MR459,P. blochii,2018-07-21T00:00:00Z,3,265,242,387,M,2,1.5,2
MR460,P. blochii,2018-07-21T00:00:00Z,3,220,200,203,M,3,0.9,1
MR461,P. blochii,2018-07-21T00:00:00Z,3,212,193,208,F,2,2.5,1
MR462,P. blochii,2018-07-21T00:00:00Z,3,207,189,184,F,3,2.5,1
MR463,P. blochii,2018-07-21T00:00:00Z,3,170,160,105,M,2,0.8,1
MR464,P. blochii,2018-07-21T00:00:00Z,3,221,202,235,M,2,0.6,3
MR465,P. blochii,2018-07-21T00:00:00Z,3,213,189,186,M,3,0.4,0
MR467,P. blochii,2017-12-29T00:00:00Z,4,198,182,159,NA,2,0.1,1
MR468,P. blochii,2018-07-21T00:00:00Z,3,182,167,118,F,1,0.5,3
MR469,P. blochii,2018-07-21T00:00:00Z,3,196,179,149,M,1,0.1,1
MR470,P. blochii,2018-07-21T00:00:00Z,3,210,190,186,M,3,0.6,0
MR471,P. blochii,2018-07-21T00:00:00Z,3,197,154,146,M,2,0.1,2
MR472,P. blochii,2018-07-21T00:00:00Z,3,205,186,155,F,2,0.5,1
MR473,P. blochii,2017-12-29T00:00:00Z,4,188,171,147,F,3,1.3,2
MR474,P. blochii,2018-07-21T00:00:00Z,3,191,179,144,F,2,0.9,0
MR475,P. blochii,2017-12-29T00:00:00Z,4,166,150,81,J,-,0,1
MR476,P. blochii,2017-12-29T00:00:00Z,4,184,166,181,J,-,0,0
MR477,P. blochii,2017-12-29T00:00:00Z,4,185,142,136,M,2,0,1
MR478,P. blochii,2017-12-29T00:00:00Z,4,181,138,168,J,-,0,0
MR512,P. blochii,2018-05-31T00:00:00Z,2,246,224,320,M,3,0.7,2
MR513,P. blochii,2019-05-31T00:00:00Z,2,241,221.8,290,M,3,1.7,1
MR514,P. blochii,2019-05-31T00:00:00Z,2,227,208,252,F,3,3.1,3
MR515,P. blochii,2019-05-31T00:00:00Z,2,240,218,275,F,4,7.5,2
MR516,P. blochii,2019-05-31T00:00:00Z,2,255,233,368,M,3,1.2,1
MR517,P. blochii,2019-05-31T00:00:00Z,2,246,218,276,F,3,3.7,1
MR518,P. blochii,2019-05-31T00:00:00Z,2,251,222,283,F,3,3.3,1
MR519,P. blochii,2019-05-31T00:00:00Z,2,247,209,330,M,3,0.5,2
MR520,P. blochii,2019-05-31T00:00:00Z,2,211,190,191,M,3,2.9,2
MR521,P. blochii,2019-05-31T00:00:00Z,2,218,195,187,F,3,0.8,1
MR522,P. blochii,2019-05-31T00:00:00Z,2,210,190,176,M,3,0.7,1
MR523,P. blochii,2018-11-15T00:00:00Z,4,309,278,679,M,4,10.1,2
MR524,P. blochii,2018-11-15T00:00:00Z,4,189,186,173,F,2,1,1
MR525,P. blochii,2018-11-15T00:00:00Z,4,176,164,119,F,2,0.5,1
MR527,P. blochii,2018-11-15T00:00:00Z,4,180,165,119,M,2,0.7,1
MR531,P. blochii,2019-04-03T00:00:00Z,2,298,269,512,M,5,43.7,0
MR532,P. blochii,2019-04-03T00:00:00Z,2,199,180,169,M,3,0.3,2
MR537,P. blochii,2019-04-03T00:00:00Z,2,145,134,57,J,1,0,0
MR538,P. blochii,2019-04-03T00:00:00Z,2,244,222,270,M,5,10.199999999999999,0
MR539,P. blochii,2019-04-03T00:00:00Z,2,224,204,208,F,3,7.4,2
MR542,P. blochii,2019-05-25T00:00:00Z,2,323,291,664,F,5,48,1
MR543,P. blochii,2019-05-25T00:00:00Z,2,283,257,481,M,4,22.9,2
MR545,P. blochii,2019-04-03T00:00:00Z,2,253,228,341,F,4,10.6,1
MR547,P. blochii,2018-11-15T00:00:00Z,4,174,160,132,M,3,1.1000000000000001,3
MR548,P. blochii,2018-11-15T00:00:00Z,4,182,168,131,F,2,0.6,2
MR549,P. blochii,2018-11-15T00:00:00Z,4,199,186,152,F,2,1,1
MR550,P. blochii,2018-11-15T00:00:00Z,4,205,175,166,M,2,0.1,2
MR551,P. blochii,2018-11-15T00:00:00Z,4,181,167,128,F,2,0.6,2
MR552,P. blochii,2019-02-23T00:00:00Z,1,240,217,237,M,3,4.0999999999999996,3
MR553,P. blochii,2019-03-23T00:00:00Z,1,291,262,492,M,2,9.5,3
MR555,P. blochii,2018-11-15T00:00:00Z,4,218,193,202,M,1,0.4,0
MR556,P. blochii,2018-11-15T00:00:00Z,4,241,220,296,F,2,2.5,3
MR557,P. blochii,2018-11-15T00:00:00Z,4,225,212,258,M,2,1.6,2
MR558,P. blochii,2018-11-15T00:00:00Z,4,199,176,149,M,1,0,3
MR559,P. blochii,2018-11-15T00:00:00Z,4,256,235,348,F,3,2.4,1
MR560,P. blochii,2018-11-15T00:00:00Z,4,213,193,201,F,2,1.4,2
MR563,P.blochii,2019-12-23T00:00:00Z,4,175,155,103,F,2,0.5,0
MR564,P. Blochii,2019-12-23T00:00:00Z,4,221,202,215,F,2,2.5,1
MR565,P. blochii,2019-12-23T00:00:00Z,4,186,170,113,M,2,0.6,1
MR568,P. blochii,2019-12-23T00:00:00Z,4,196,177,140,F,2,1,1
MR569,P. blochii,2019-12-23T00:00:00Z,4,221,206,218,F,4,6.8,0
MR570,P. blochii,2019-12-23T00:00:00Z,4,241,215,262,F,2,2.6,1
MR571,P. blochii,2019-12-23T00:00:00Z,4,278,254,374,F,2,4.4000000000000004,1
MR592,P. blochii,2021-07-25T00:00:00Z,3,199,186,155,M,4,3.4,0
MR593,P. blochii,2021-07-25T00:00:00Z,3,225,211,245,M,4,3.5,1
MR594,P. blochii,2021-07-25T00:00:00Z,3,301,284,599,F,5,25.4,0
MR600,P. blochii,2021-07-25T00:00:00Z,3,281,262,424,M,NA,4.4000000000000004,0
MR601,P. blochii,2021-07-25T00:00:00Z,3,329,312,734,F,5,30.5,1
MR602,P. blochii,2021-07-25T00:00:00Z,3,207,186,171,F,5,5.7,0
MR603,P. blochii,2021-07-25T00:00:00Z,3,255,229,277,M,4,4.5999999999999996,1
MR605,P. blochii,2021-07-25T00:00:00Z,3,270,242,380,M,4,6.7,1
MR606,P. blochii,2021-07-25T00:00:00Z,3,221,205,200,M,4,5.8,0
MR607,P. blochii,2021-07-25T00:00:00Z,3,236,219,257,F,3,10,0
MR608,P. blochii,2021-07-25T00:00:00Z,3,263,245,359,M,4,6.8,1
MR609,P. blochii,2021-07-25T00:00:00Z,3,256,239,318,M,4,6.4,1
MR611,P. blochii,2022-07-31T00:00:00Z,3,224,202,218,F,3,3.5,1
MR612,P. blochii,2022-07-31T00:00:00Z,3,232,207,244,F,4,8.1999999999999993,2
MR613,P. blochii,2022-07-31T00:00:00Z,3,258,237,327,F,4,9.1999999999999993,1
MR614,P. blochii,2022-07-31T00:00:00Z,3,241,218,235,M,4,5,0
MR615,P. blochii,2022-06-02T00:00:00Z,2,251,204,285,F,6,21.6,0
MR616,P. blochii,2022-06-02T00:00:00Z,2,225,211,240,F,4,11.5,1
MR617,P. blochii,2022-06-02T00:00:00Z,2,226,208,252,F,4,16.5,1
MR618,P. blochii,2022-06-02T00:00:00Z,2,239,190,271,F,NA,16.399999999999999,1
MR619,P. blochii,2022-06-02T00:00:00Z,2,245,220,250,F,4,11,0
MR620,P. blochii,2022-08-08T00:00:00Z,3,291,263,410,F,4,17.2,1
MR621,P. blochii,2022-08-08T00:00:00Z,3,340,305,697,F,3,30.7,0
MR622,P. blochii,2022-08-08T00:00:00Z,3,348,319,700,F,3,23,0
MR623,P. blochii,2022-08-08T00:00:00Z,3,257,231,311,F,4,18.2,1
MR624,P. blochii,2022-05-08T00:00:00Z,2,241,216,281,M,4,16.2,1
MR625,P. blochii,2022-05-08T00:00:00Z,2,253,226,328,M,5,16.100000000000001,2
MR626,P. blochii,2022-05-08T00:00:00Z,2,283,250,474,M,4,4.3,2
MR627,P. blochii,2022-05-08T00:00:00Z,2,222,202,226,M,4,17.100000000000001,1
MR628,P. blochii,2022-05-08T00:00:00Z,2,273,247,444,M,5,33.200000000000003,2
MR629,P. blochii,2022-05-08T00:00:00Z,2,322,299,721,M,5,34.6,0
MR630,P. blochii,2022-06-02T00:00:00Z,2,284,262,437,M,4,16.899999999999999,0
MR631,P. blochii,2022-07-07T00:00:00Z,3,307,277,549,M,5,21.2,1
MR632,P. blochii,2022-05-08T00:00:00Z,2,263,234,346,M,3,20.2,0
MR633,P. blochii,2022-05-08T00:00:00Z,2,296,257,523,M,3,29.6,2
MR636,P. blochii,2022-08-08T00:00:00Z,3,330,298,593,M,4,8.4,2
MR637,P. blochii,2022-06-02T00:00:00Z,2,247,224,250,M,3,5.2,1
MR638,P. blochii,2022-06-02T00:00:00Z,2,239,228,270,F,4,17.8,2
MR639,P. blochii,2022-06-02T00:00:00Z,2,229,206,243,M,4,13.3,2
MR641,P. blochii,2022-05-08T00:00:00Z,2,235,214,272,F,3,14.7,2
MR642,P. blochii,2022-05-08T00:00:00Z,2,243,220,298,M,5,23.6,1
MR643,P. blochii,2022-06-02T00:00:00Z,2,252,230,239,F,3,17.600000000000001,1
MR644,P. blochii,2022-05-08T00:00:00Z,2,251,230,341,F,4,33.9,1
MR645,P. blochii,2022-05-08T00:00:00Z,2,243,220,296,M,4,17.899999999999999,2
MR646,P. blochii,2022-06-02T00:00:00Z,2,249,228,346,M,5,34.299999999999997,2
MR647,P. blochii,2022-06-02T00:00:00Z,2,232,204,256,F,4,12.7,1
MR648,P. blochii,2022-06-02T00:00:00Z,2,251,226,296,M,4,15.7,0
MR649,P. blochii,2022-08-05T00:00:00Z,3,264,216,384,F,2,23.7,2
MR649,P. blochii,2022-05-08T00:00:00Z,2,264,216,383,F,2,23.7,2
MR650,P. blochii,2022-05-08T00:00:00Z,2,269,244,283,F,1,8.3000000000000007,1
MR651,P. blochii,2022-05-08T00:00:00Z,2,255,232,342,M,3,29.4,1
MR652,P. blochii,2022-05-08T00:00:00Z,2,262,238,364,F,3,6.7,0
MR653,P. blochii,2022-06-02T00:00:00Z,2,251,230,331,F,5,16.399999999999999,2
MR654,P. blochii,2023-05-17T00:00:00Z,2,239,215,255,M,5,10.8,0
MR655,P. blochii,2023-05-17T00:00:00Z,2,318,293,653,F,4,64.5,1
MR656,P. blochii,2023-05-17T00:00:00Z,2,255,232,287,M,3,1.3,1
MR657,P. blochii,2023-05-17T00:00:00Z,2,242,220,267,F,4,12.6,0
MR658,P. blochii,2023-05-17T00:00:00Z,2,234,211,224,M,4,5.7,1
MR659,P. blochii,2023-08-12T00:00:00Z,3,272,248,342,F,4,9.6999999999999993,1
MR660,P. blochii,2023-08-06T00:00:00Z,3,307,275,432,M,3,12.9,0
MR661,P. blochii,2023-08-06T00:00:00Z,3,295,267,439,F,4,14,1
MR662,P. blochii,2023-08-12T00:00:00Z,3,281,263,413,F,3,13.7,1
MR663,P. blochii,2023-08-12T00:00:00Z,3,251,228,292,F,3,5.6,2
MR664,P. blochii,2023-08-12T00:00:00Z,3,262,242,356,M,3,5.6,1
MR665,P. blochii,2023-08-12T00:00:00Z,3,270,243,327,M,4,11.7,0
MR666,P. blochii,2023-03-24T00:00:00Z,1,285,259,411,F,3,8.9,1
MR667,P. blochii,2023-03-24T00:00:00Z,1,262,237,347,F,4,9.1999999999999993,2
MR668,P. blochii,2023-03-24T00:00:00Z,1,270,243,352,M,3,6.1,1
MR669,P. blochii,2023-03-24T00:00:00Z,1,276,257,388,F,3,6.5,1
MR670,P. blochii,2023-06-01T00:00:00Z,2,326,294,618,M,4,17.2,1
MR671,P. blochii,2023-06-01T00:00:00Z,2,245,224,264,F,2,2.8,1
MR672,P. blochii,2023-06-01T00:00:00Z,2,291,266,421,F,5,26,1
MR673,P. blochii,2023-06-01T00:00:00Z,2,258,232,314,F,2,4,0
MR674,P. blochii,2023-07-25T00:00:00Z,3,313,287,525,F,4,23.5,2
MR675,P. blochii,2023-04-12T00:00:00Z,2,278,250,379,F,4,9.6,0
MR676,P. blochii,2023-08-12T00:00:00Z,3,273,240,365,M,2,2.1,0
MR677,P. blochii,2023-06-06T00:00:00Z,2,399,361,1065,M,4,18.8,0
MR678,P. blochii,2023-08-06T00:00:00Z,3,260,240,334,F,1,12.2,0
MR679,P. blochii,2023-07-25T00:00:00Z,3,365,331,820,M,3,10.4,0
MR680,P. blochii,2023-07-25T00:00:00Z,3,273,242,340,F,3,8,1
MR681,P. blochii,2023-05-01T00:00:00Z,2,275,252,389,M,3,13.8,1
MR682,P. blochii,2023-06-01T00:00:00Z,2,265,240,347,F,3,8.1999999999999993,1
MR686,P. blochii,2023-05-01T00:00:00Z,2,338,316,831,M,5,55.3,2
MR687,P. blochii,2023-05-01T00:00:00Z,2,372,345,1096,F,4,86.7,1
MR688,P. blochii,2023-05-17T00:00:00Z,2,334,301,764,F,5,55,NA
MR689,P. blochii,2023-05-17T00:00:00Z,2,286,257,495,F,4,27.2,0
MR690,P. blochii,2023-05-17T00:00:00Z,2,225,210,211,F,2,4.5,1
MR691,P. blochii,2023-05-17T00:00:00Z,2,275,265,474,M,4,16.399999999999999,2
MR692,P. blochii,2023-05-17T00:00:00Z,2,259,232,295,F,3,10.199999999999999,1
MR693,P. blochii,2023-05-17T00:00:00Z,2,261,239,292,F,3,15.4,1
MR694,P. blochii,2023-06-01T00:00:00Z,2,283,257,401,M,3,6.3,1
MR695,P. blochii,2023-08-06T00:00:00Z,3,302,275,532,M,4,25.1,1
MR696,P. blochii,2023-07-25T00:00:00Z,3,335,306,665,M,4,10.6,1
MR697,P. blochii,2023-07-25T00:00:00Z,3,353,320,797,F,4,46.9,0
MR698,P. blochii,2023-05-17T00:00:00Z,2,302,278,568,F,4,47.8,1
MR699,P. blochii,2023-05-01T00:00:00Z,2,410,390,1465,F,5,88.9,0
MR700,P. blochii,2023-05-01T00:00:00Z,2,357,323,1002,M,4,109.4,1
MR701,P. blochii,2023-03-24T00:00:00Z,1,266,238,375,M,2,10.9,1
MR702,P. blochii,2022-09-29T00:00:00Z,3,252,234,320,F,2,4.0999999999999996,1
MR716,P. blochii,2023-03-24T00:00:00Z,1,316,287,592,F,2,10.199999999999999,NA
MR717,P. blochii,2023-03-24T00:00:00Z,1,284,260,460,F,4,10.9,1
MR722,P. blochii,2023-06-01T00:00:00Z,2,230,204,223,F,2,3.1,2
MR723,P. blochii,2024-07-20T00:00:00Z,3,271,247,377,F,4,11.4,1
MR724,P. blochii,2024-02-12T00:00:00Z,1,351,319,787,M,2,2.7,2
MR725,P. blochii,2024-02-12T00:00:00Z,1,334,303,792,F,4,19,2
MR726,P. blochii,2024-02-12T00:00:00Z,1,315,290,595,M,3,2.87,1
MR727,P. blochii,2024-06-13T00:00:00Z,2,220,210,204,F,3,3.4,0
MR728,P. blochii,2024-06-13T00:00:00Z,2,261,233,347,F,4,10.3,0
MR729,P. blochii,2024-06-13T00:00:00Z,2,265,237,326,F,4,11.7,1
MR730,P. blochii,2024-06-13T00:00:00Z,2,210,190,174,F,4,10.5,1
MR731,P. blochii,2024-01-05T00:00:00Z,1,220,203,207,F,2,2.52,1
MR732,P. blochii,2024-01-05T00:00:00Z,1,228,213,212,F,2,25,0
MR733,P. blochii,2024-01-05T00:00:00Z,1,225,207,211,F,4,2.57,1
MR734,P. blochii,2024-01-05T00:00:00Z,1,249,225,290,M,7,0.31,1
MR735,P. blochii,2024-01-05T00:00:00Z,1,264,210,331,M,1,1.3,2
MR736,P. blochii,2024-07-20T00:00:00Z,3,243,217,250,M,5,11.2,0
MR737,P. blochii,2024-07-20T00:00:00Z,3,246,219,255,M,4,4.8,1
MR738,P. blochii,2024-07-20T00:00:00Z,3,235,213,210,M,4,3.1,0
MR739,P. blochii,2024-07-22T00:00:00Z,3,252,231,305,F,4,8,1
MR740,P. blochii,2024-06-13T00:00:00Z,2,231,207,238,F,3,2.57,0
MR741,P. blochii,2024-06-13T00:00:00Z,2,188,174,138,F,3,2.4900000000000002,0
MR742,P. blochii,2024-06-13T00:00:00Z,2,203,182,152,F,4,2.65,0
MR743,P. blochii,2024-07-20T00:00:00Z,3,180,167,129,F,5,8.1999999999999993,1
MR744,P. blochii,2024-06-20T00:00:00Z,2,209,NA,175,F,3,2.2999999999999998,0
MR745,P. blochii,2024-06-20T00:00:00Z,2,201,180,151,F,3,5,0
MR746,P. blochii,2024-11-08T00:00:00Z,4,303,279,542,F,3,18.2,1
MR747,P. blochii,2023-11-08T00:00:00Z,4,269,243,352,M,2,1.51,0
MR748,P. blochii,2024-01-05T00:00:00Z,1,225,206,208,M,2,0.36,2
MR749,P. blochii,2024-01-05T00:00:00Z,1,254,234,307,F,7,3,1
MR750,P. blochii,2024-01-05T00:00:00Z,1,222,205,235,F,2,3.3,1
MR751,P. blochii,2024-01-05T00:00:00Z,1,240,224,238,F,2,3,1
MR752,P. blochii,2024-04-21T00:00:00Z,2,289,264,511,M,5,34.200000000000003,0
MR753,P. blochii,2024-04-21T00:00:00Z,2,287,271,516,M,5,20.100000000000001,2
MR754,P. blochii,2024-07-20T00:00:00Z,3,226,206,273,M,5,12,1
MR755,P. blochii,2023-09-27T00:00:00Z,3,284,259,363,F,2,3.24,0
MR756,P. blochii,2023-09-27T00:00:00Z,3,293,263,396,F,3,7.51,1
MR757,P. blochii,2024-07-20T00:00:00Z,3,250,229,295,M,5,8.6999999999999993,1
MR758,P. blochii,2024-07-20T00:00:00Z,3,255,230,319,M,4,25.9,1
MR759,P. blochii,2024-07-07T00:00:00Z,3,244,220,269,M,5,13,1
MR760,P. blochii,2024-04-01T00:00:00Z,2,230,205,227,M,4,12.33,1
MR761,P. blochii,2024-04-01T00:00:00Z,2,233,210,191,F,2,2.2999999999999998,0
MR762,P. blochii,2024-04-01T00:00:00Z,2,252,231,298,F,5,23.2,0
MR763,P. blochii,2024-04-21T00:00:00Z,2,311,284,570,M,3,10.55,2
MR764,P. blochii,2024-04-01T00:00:00Z,2,186,170,110,F,5,3.24,1
MR765,P. blochii,2024-04-01T00:00:00Z,2,212,190,161,F,2,2.1,1
MR766,P. blochii,2024-04-01T00:00:00Z,2,211,195,187,M,3,3.6,1
MR767,P. blochii,2024-04-21T00:00:00Z,2,341,310,732,F,4,34.9,1
MR768,P. blochii,2024-02-12T00:00:00Z,1,350,325,919,M,2,5.5,1
MR769,P. blochii,2024-04-01T00:00:00Z,2,190,188,130,F,1,1.5,NA
MR770,P. blochii,2024-04-21T00:00:00Z,2,347,314,817,M,5,37,1
MR771,P. blochii,2023-09-27T00:00:00Z,3,351,318,675,M,7,2.1,0
MR772,P. blochii,2024-02-12T00:00:00Z,1,330,318,680,F,2,9.6999999999999993,0
MR773,P. blochii,2025-08-12T00:00:00Z,3,224,204,189.5,M,2,0.5,0
MR774,P. blochii,2025-08-12T00:00:00Z,3,240,213,241,F,2,1,1
MR775,P. blochii,2025-08-02T00:00:00Z,3,233,217,258,F,3,3.5,1
MR776,P. blochii,2024-11-03T00:00:00Z,4,263,232,348,M,2,2.5,2
MR777,P. blochii,2025-08-12T00:00:00Z,3,245,222,257,M,2,1.01,1
MR778,P. blochii,2025-08-02T00:00:00Z,3,207,189,158,F,2,2.23,1
MR779,P. blochii,2025-08-12T00:00:00Z,3,196,181,131.81,I,1,0.1,0
MR780,P. blochii,2025-02-08T00:00:00Z,1,177,165,105.03,F,1,0.37,0
MR781,P. blochii,2025-08-12T00:00:00Z,3,197,179,138.65,F,2,1.68,0
MR782,P. blochii,2025-02-08T00:00:00Z,1,224,208,196.32,M,3,1.31,0
MR783,P. blochii,2025-08-12T00:00:00Z,3,221,202,191.27,F,3,1.96,0
MR784,P. blochii,2025-02-08T00:00:00Z,1,191,178,128.18,F,2,1.42,0
MR785,P. blochii,2025-08-12T00:00:00Z,3,235,214,231.36,M,2,0.56999999999999995,1
MR786,P. blochii,2025-08-02T00:00:00Z,3,169,151,91.2,F,2,0.37,2
MR787,P. blochii,2024-12-07T00:00:00Z,4,350,310,787,M,4,1.75,1
MR788,P. blochii,2025-08-02T00:00:00Z,3,227,202,218.09,F,3,2.58,0
MR789,P. blochii,2024-11-03T00:00:00Z,4,240,219,282.44,M,3,2.91,2
MR790,P. blochii,2025-08-02T00:00:00Z,3,203,184,155.5,F,2,2,0
MR791,P. blochii,2025-08-02T00:00:00Z,3,215,198,191,M,2,0.5,0
MR792,P. blochii,2024-09-23T00:00:00Z,3,346,313,739.5,M,2,1.5,1
MR793,P. blochii,2025-08-02T00:00:00Z,3,181,170,121.5,M,1,0.5,0
MR794,P. blochii,2025-08-12T00:00:00Z,3,207,189,179.46,F,2,2.04,0
MR796,P. blochii,2025-08-12T00:00:00Z,3,287,265,414.7,M,2,1.21,1
MR797,P. blochii,2025-08-02T00:00:00Z,3,215,215,199.44,M,4,8.74,1
MR798,P. blochii,2025-03-08T00:00:00Z,1,226,206,190.7,M,2,0.71,1
